id,first_name,last_name,email,gender,ip_address
1,Ewan,Rizzetti,erizzetti0@statcounter.com,Agender,33.213.70.239
2,Sebastian,Pruce,spruce1@yellowbook.com,Male,243.72.75.229
3,Kimmie,Barensky,kbarensky2@merriam-webster.com,Female,237.215.54.144
4,Mic,Howgill,mhowgill3@nydailynews.com,Male,228.101.167.205
5,Remus,Farney,rfarney4@163.com,Male,205.253.251.153
6,Stephanie,Barajaz,sbarajaz5@walmart.com,Female,194.254.96.202
7,Sande,Ovise,sovise6@sogou.com,Female,210.104.176.68
8,Kailey,Hallex,khallex7@tumblr.com,Female,47.184.108.152
9,Sofie,Aldridge,saldridge8@cornell.edu,Female,149.8.20.184
10,Raimondo,Flasby,rflasby9@example.com,Male,114.64.207.88
