id,first_name,last_name,email,gender,ip_address
1,Annmaria,Sheekey,asheekey0@army.mil,Non-binary,22.177.148.131
2,Gilligan,Antuoni,gantuoni1@mozilla.com,Female,158.244.173.188
3,Normie,Tracey,ntracey2@washingtonpost.com,Male,55.12.93.140
4,Meaghan,Lorenzini,mlorenzini3@issuu.com,Female,135.238.105.46
5,Dame,McNeice,dmcneice4@unc.edu,Male,191.177.81.235
6,Reynolds,Aggio,raggio5@si.edu,Male,13.172.214.75
7,Jacklin,Witherby,jwitherby6@walmart.com,Female,207.229.185.158
8,Harland,Beton,hbeton7@bluehost.com,Bigender,131.230.2.20
9,Claudia,Fouldes,cfouldes8@51.la,Bigender,146.40.65.230
10,Alva,Brendish,abrendish9@discuz.net,Genderfluid,248.97.201.45
11,Reba,MacCosto,rmaccostoa@facebook.com,Female,251.194.244.32
12,Giffer,Jirik,gjirikb@bing.com,Male,2.103.114.107
13,Stanwood,Yewen,syewenc@behance.net,Male,14.115.60.3
14,Cleve,Fantone,cfantoned@newsvine.com,Male,120.44.233.203
15,Cassandre,Gilston,cgilstone@ask.com,Female,23.42.33.155
16,Emmott,Hebron,ehebronf@bloglovin.com,Male,79.247.188.8
17,Wynn,Zeale,wzealeg@quantcast.com,Male,136.183.101.205
18,Willi,Kensitt,wkensitth@marriott.com,Male,55.4.184.73
19,Dorree,Benwell,dbenwelli@youku.com,Female,121.92.212.148
20,Yank,Freda,yfredaj@whitehouse.gov,Male,231.211.163.159
21,Iggy,McVeighty,imcveightyk@cafepress.com,Male,205.33.47.86
22,Marilin,Darte,mdartel@list-manage.com,Female,195.25.87.174
23,Marleen,Foote,mfootem@reddit.com,Female,69.42.254.186
24,Carlynn,Morhall,cmorhalln@ucoz.ru,Female,159.182.35.136
25,Tymothy,Scamerden,tscamerdeno@baidu.com,Male,152.86.245.195
26,Frances,Moon,fmoonp@github.com,Female,198.69.17.85
27,Silas,Antoney,santoneyq@a8.net,Male,69.217.54.34
28,Lucias,Pheazey,lpheazeyr@theguardian.com,Male,38.36.58.112
29,Jan,Yoslowitz,jyoslowitzs@kickstarter.com,Male,249.114.53.22
30,Albertine,Chatelot,achatelott@hp.com,Female,144.13.187.149
31,Fin,Rubertelli,frubertelliu@imdb.com,Polygender,180.113.238.198
32,Manfred,Del Castello,mdelcastellov@blogspot.com,Male,227.106.168.38
33,Serene,Becker,sbeckerw@arstechnica.com,Female,202.113.216.7
34,Garfield,Delgado,gdelgadox@eventbrite.com,Male,137.198.118.89
35,Brody,Braywood,bbraywoody@is.gd,Male,10.27.120.248
36,Verna,Emblen,vemblenz@tuttocitta.it,Female,238.52.235.199
37,Costanza,Vido,cvido10@google.ru,Female,232.188.130.237
38,Marline,Overnell,movernell11@bing.com,Female,13.143.91.235
39,Elsi,Rought,erought12@hostgator.com,Genderqueer,104.114.7.22
40,Norri,Somerset,nsomerset13@com.com,Female,88.119.126.37
41,Jordanna,Attride,jattride14@ucsd.edu,Female,164.170.183.200
42,Myrtle,Lewington,mlewington15@vkontakte.ru,Female,118.59.177.255
43,Guinna,Royse,groyse16@psu.edu,Female,43.201.112.16
44,Leela,Swayton,lswayton17@engadget.com,Female,216.0.105.76
45,Maryanna,Normabell,mnormabell18@theatlantic.com,Female,166.155.203.182
46,Mikey,Kunes,mkunes19@dagondesign.com,Male,160.213.85.253
47,Lucia,Huleatt,lhuleatt1a@gmpg.org,Female,170.164.168.27
48,Hanni,Burg,hburg1b@so-net.ne.jp,Female,101.178.58.25
49,Kandace,Pavis,kpavis1c@dot.gov,Female,208.18.190.39
50,Mavis,Edgerton,medgerton1d@myspace.com,Agender,15.213.157.121
51,Murielle,Gutridge,mgutridge1e@newsvine.com,Female,173.198.12.234
52,Lynde,Maslen,lmaslen1f@so-net.ne.jp,Female,99.134.213.176
53,Ogdan,Fairhall,ofairhall1g@imdb.com,Male,231.147.117.254
54,Norri,Reasun,nreasun1h@g.co,Female,73.100.182.74
55,Brnaba,Candie,bcandie1i@chron.com,Male,181.236.219.146
56,Jennee,Yurkiewicz,jyurkiewicz1j@com.com,Female,112.15.105.102
57,Gisele,Kolakowski,gkolakowski1k@de.vu,Female,0.204.146.91
58,Charmaine,Bellwood,cbellwood1l@yellowbook.com,Female,221.18.22.185
59,Pepillo,Grealish,pgrealish1m@zimbio.com,Male,11.116.252.223
60,Vidovic,Iacovone,viacovone1n@google.cn,Male,153.30.234.40
61,Gardener,Pentland,gpentland1o@gizmodo.com,Male,187.19.128.141
62,Catharina,Sewards,csewards1p@irs.gov,Female,33.101.241.47
63,Emmi,De Cleyne,edecleyne1q@ask.com,Female,136.219.190.254
64,Zorine,Leaman,zleaman1r@independent.co.uk,Female,195.23.119.98
65,Felice,Pogosian,fpogosian1s@simplemachines.org,Male,12.30.58.14
66,Haywood,Sumnall,hsumnall1t@purevolume.com,Male,209.51.240.62
67,Angelo,Pidgeon,apidgeon1u@wikimedia.org,Male,153.160.173.186
68,Pooh,McBain,pmcbain1v@ft.com,Female,59.144.124.184
69,Donaugh,Mackstead,dmackstead1w@cdbaby.com,Male,57.135.195.153
70,Johnathan,Hubach,jhubach1x@t.co,Agender,240.60.35.236
71,Elsy,Yerby,eyerby1y@adobe.com,Female,34.86.204.227
72,Dido,Spedroni,dspedroni1z@samsung.com,Female,45.47.170.183
73,Isa,Dillaway,idillaway20@latimes.com,Non-binary,229.136.97.93
74,Crosby,Biernat,cbiernat21@histats.com,Male,93.184.2.187
75,Dorisa,Goodship,dgoodship22@nhs.uk,Female,163.208.83.109
76,Raychel,Klementz,rklementz23@huffingtonpost.com,Female,1.111.25.120
77,Elie,Corradetti,ecorradetti24@com.com,Female,203.32.224.127
78,Casper,Spellicy,cspellicy25@icio.us,Male,211.90.22.0
79,Estrella,Garrad,egarrad26@storify.com,Female,174.151.100.145
80,Weider,Fernyhough,wfernyhough27@kickstarter.com,Male,125.244.155.64
81,Renado,Naylor,rnaylor28@wordpress.com,Male,133.196.211.178
82,Shanie,Dumbleton,sdumbleton29@ox.ac.uk,Female,185.203.95.90
83,Nickey,Lancastle,nlancastle2a@weibo.com,Male,236.106.171.45
84,Shanta,Humphrey,shumphrey2b@xinhuanet.com,Female,157.116.33.42
85,Willi,Metcalfe,wmetcalfe2c@craigslist.org,Male,156.192.203.195
86,Thorndike,Simak,tsimak2d@google.ca,Genderqueer,203.191.134.251
87,Chrissie,Hyndes,chyndes2e@usa.gov,Male,94.12.31.196
88,Debbi,O' Neligan,doneligan2f@moonfruit.com,Female,15.225.204.239
89,Kevan,Edgeworth,kedgeworth2g@cbc.ca,Male,200.242.104.31
90,Tabbie,Renahan,trenahan2h@eventbrite.com,Male,133.17.217.71
91,Nikki,Blackmoor,nblackmoor2i@bing.com,Male,135.21.216.201
92,Brian,Waddam,bwaddam2j@apple.com,Male,234.2.198.62
93,Aland,Minillo,aminillo2k@webnode.com,Male,33.62.18.15
94,Rourke,Swaby,rswaby2l@mediafire.com,Male,230.217.45.192
95,Gardiner,Keyte,gkeyte2m@psu.edu,Male,61.118.85.19
96,Morty,Hentze,mhentze2n@tumblr.com,Genderqueer,246.70.117.242
97,Boycie,D'Cruze,bdcruze2o@sun.com,Male,187.110.246.171
98,Harriott,Garnett,hgarnett2p@scientificamerican.com,Bigender,8.143.27.180
99,Artemas,Jaulme,ajaulme2q@princeton.edu,Male,100.238.134.160
100,Coletta,Flooks,cflooks2r@naver.com,Female,151.147.109.120
101,Beaufort,Appleyard,bappleyard2s@about.me,Male,157.39.225.218
102,Shana,Thew,sthew2t@usa.gov,Female,208.52.2.95
103,Edward,Dyke,edyke2u@simplemachines.org,Male,116.93.46.150
104,Pammy,Giraldo,pgiraldo2v@twitter.com,Female,38.26.135.113
105,Serene,Gannicott,sgannicott2w@istockphoto.com,Female,129.203.250.137
106,Payton,Stoyle,pstoyle2x@indiegogo.com,Male,124.104.90.59
107,Ardra,Ivett,aivett2y@cbslocal.com,Female,232.59.237.10
108,Alexandra,Tonkinson,atonkinson2z@jimdo.com,Female,132.13.17.240
109,Eileen,Meredyth,emeredyth30@liveinternet.ru,Female,90.112.145.203
110,Tymon,Dugdale,tdugdale31@google.de,Bigender,143.114.238.75
111,Maurice,Kase,mkase32@ucsd.edu,Male,120.7.41.251
112,Jens,Rosettini,jrosettini33@icq.com,Non-binary,104.65.248.154
113,Collete,Simak,csimak34@washingtonpost.com,Female,35.20.155.3
114,Archibald,Speke,aspeke35@gravatar.com,Male,94.107.167.186
115,Bucky,Gidman,bgidman36@hatena.ne.jp,Male,172.49.39.108
116,Ivan,Tasseler,itasseler37@1688.com,Male,203.230.162.17
117,Calida,Walak,cwalak38@va.gov,Female,135.43.69.65
118,Lucie,Cowden,lcowden39@facebook.com,Female,45.254.74.92
119,Lamond,Drance,ldrance3a@topsy.com,Male,98.10.107.220
120,Robby,Nuschke,rnuschke3b@mysql.com,Male,42.208.123.59
121,Filip,Mecchi,fmecchi3c@paypal.com,Male,196.187.47.9
122,Krishna,Lathee,klathee3d@shutterfly.com,Male,187.190.178.74
123,Mireille,Botterell,mbotterell3e@chicagotribune.com,Female,251.135.14.42
124,Tommy,O'Shields,toshields3f@bluehost.com,Female,152.144.28.144
125,Ignacio,De Beauchamp,idebeauchamp3g@tmall.com,Male,46.215.251.217
126,Mellicent,Eassom,meassom3h@independent.co.uk,Female,99.184.127.51
127,Konstantin,Sulman,ksulman3i@php.net,Male,212.81.75.127
128,Zechariah,Chander,zchander3j@squarespace.com,Male,81.14.57.91
129,Toby,Murby,tmurby3k@wix.com,Male,151.124.48.172
130,Andree,Trahar,atrahar3l@blogger.com,Agender,241.15.180.219
131,Toma,Sarah,tsarah3m@etsy.com,Female,113.7.245.70
132,Avivah,Barracks,abarracks3n@yelp.com,Female,45.133.19.34
133,Misty,Flieger,mflieger3o@tinypic.com,Female,245.107.14.17
134,Celene,Ducket,cducket3p@pcworld.com,Female,236.5.73.60
135,Otes,Radbourne,oradbourne3q@altervista.org,Male,190.125.161.164
136,Enos,Nehlsen,enehlsen3r@wiley.com,Male,161.149.241.76
137,Etta,Kenney,ekenney3s@chicagotribune.com,Female,197.13.128.29
138,Rozelle,Antonich,rantonich3t@google.es,Female,129.56.164.170
139,Michelina,Bjerkan,mbjerkan3u@amazonaws.com,Female,126.37.166.91
140,Shandra,Kornel,skornel3v@angelfire.com,Female,144.23.192.32
141,Bertine,Blankhorn,bblankhorn3w@europa.eu,Female,144.217.151.102
142,Parker,Oldis,poldis3x@wikimedia.org,Male,113.108.201.243
143,Lottie,Matic,lmatic3y@prnewswire.com,Female,135.200.153.144
144,Daven,Pyvis,dpyvis3z@hp.com,Male,245.37.32.210
145,Xenia,Towe,xtowe40@marketwatch.com,Female,252.144.172.205
146,Corina,Kemmish,ckemmish41@vk.com,Polygender,114.199.213.177
147,Elayne,Westmacott,ewestmacott42@alexa.com,Genderqueer,0.79.39.219
148,Thomas,Gillatt,tgillatt43@ucoz.ru,Male,196.120.10.170
149,Rowen,Roger,rroger44@meetup.com,Male,24.129.208.29
150,Zita,Skully,zskully45@bloglovin.com,Female,110.57.74.212
151,Derron,Lear,dlear46@marriott.com,Male,194.172.115.11
152,Talyah,Earsman,tearsman47@yale.edu,Female,19.122.58.119
153,Ches,Wigelsworth,cwigelsworth48@nsw.gov.au,Male,55.147.83.118
154,Arthur,Covotto,acovotto49@meetup.com,Male,105.196.39.85
155,Tabby,Holberry,tholberry4a@reference.com,Female,127.23.126.142
156,Annabelle,Killimister,akillimister4b@odnoklassniki.ru,Female,112.174.37.159
157,Ingaborg,Stollenbecker,istollenbecker4c@wikia.com,Female,39.45.66.40
158,Elihu,Lissaman,elissaman4d@creativecommons.org,Male,246.250.246.143
159,Shaylynn,Pyser,spyser4e@indiatimes.com,Female,100.139.19.137
160,Jasun,Twiddell,jtwiddell4f@trellian.com,Genderfluid,159.142.101.139
161,Harcourt,Bourthouloume,hbourthouloume4g@ifeng.com,Male,72.46.223.76
162,Malorie,Haughton,mhaughton4h@soundcloud.com,Female,110.222.5.235
163,Minna,Dunbabin,mdunbabin4i@hp.com,Agender,27.148.243.102
164,Sandy,Colebeck,scolebeck4j@tiny.cc,Male,202.16.237.59
165,Fredra,Gravenall,fgravenall4k@cargocollective.com,Female,107.140.73.175
166,Vasilis,Shemelt,vshemelt4l@simplemachines.org,Male,49.224.137.214
167,Fairleigh,Crangle,fcrangle4m@chicagotribune.com,Male,246.44.88.172
168,Pacorro,Firebrace,pfirebrace4n@fotki.com,Male,151.238.87.151
169,Kristoffer,Sweating,ksweating4o@reverbnation.com,Male,21.147.36.97
170,Sherline,Loreit,sloreit4p@elegantthemes.com,Female,42.252.66.36
171,Kip,Cristofvao,kcristofvao4q@nba.com,Male,210.195.127.195
172,Ryon,Toombes,rtoombes4r@huffingtonpost.com,Non-binary,243.58.68.240
173,Abbott,Backes,abackes4s@furl.net,Male,83.146.150.114
174,Brandie,Brazil,bbrazil4t@cdc.gov,Female,45.21.233.186
175,Kari,Gagie,kgagie4u@yahoo.com,Genderqueer,182.114.86.4
176,Veda,Duxbarry,vduxbarry4v@howstuffworks.com,Female,48.8.60.191
177,Yvor,Tomlinson,ytomlinson4w@webnode.com,Male,143.10.230.139
178,Sherwood,Gong,sgong4x@wp.com,Non-binary,94.98.226.135
179,Isacco,Adamovicz,iadamovicz4y@people.com.cn,Male,203.62.238.115
180,Terza,Aimeric,taimeric4z@fema.gov,Female,52.106.222.10
181,Herculie,Towsie,htowsie50@shareasale.com,Male,59.229.39.164
182,Rebeca,Panton,rpanton51@ebay.com,Female,203.213.86.6
183,Tarah,Folkes,tfolkes52@google.es,Female,247.243.30.196
184,Hunt,Stokell,hstokell53@mapquest.com,Male,182.53.101.14
185,Vlad,Willicott,vwillicott54@facebook.com,Male,237.141.97.163
186,Sallyann,Eyre,seyre55@prweb.com,Non-binary,188.80.128.147
187,Solomon,D'Aeth,sdaeth56@economist.com,Male,107.120.171.59
188,Man,Mariot,mmariot57@diigo.com,Male,141.90.22.127
189,Bee,Haskey,bhaskey58@etsy.com,Female,19.105.231.85
190,Lucila,Ridgedell,lridgedell59@usda.gov,Female,222.36.103.38
191,Dorri,O'Reagan,doreagan5a@xinhuanet.com,Genderqueer,12.153.102.174
192,Rosanne,Blant,rblant5b@engadget.com,Female,24.155.122.37
193,Lucina,Dreghorn,ldreghorn5c@prlog.org,Female,197.72.36.80
194,Hermina,Columbell,hcolumbell5d@so-net.ne.jp,Female,144.138.175.58
195,Ira,Wiltshear,iwiltshear5e@kickstarter.com,Female,214.126.148.55
196,Paola,Pattrick,ppattrick5f@google.co.uk,Female,90.63.142.206
197,Alberto,McCorley,amccorley5g@webmd.com,Male,32.107.158.207
198,Barnie,MacPhaden,bmacphaden5h@gravatar.com,Male,45.43.187.34
199,Alanah,Saunton,asaunton5i@irs.gov,Female,152.172.73.60
200,Tabatha,Sevitt,tsevitt5j@ocn.ne.jp,Female,167.8.131.62
201,Eugene,McChesney,emcchesney5k@redcross.org,Male,237.64.4.126
202,Dosi,Pawling,dpawling5l@google.ru,Female,202.38.131.226
203,Sidonia,Dearden,sdearden5m@tinyurl.com,Female,10.0.253.247
204,Bone,Ratnage,bratnage5n@google.nl,Male,29.7.181.35
205,Nonie,Govini,ngovini5o@etsy.com,Female,250.38.242.34
206,Rick,Sjollema,rsjollema5p@cdbaby.com,Agender,25.60.244.165
207,Gianina,Dundredge,gdundredge5q@youtube.com,Female,246.6.41.148
208,Alasteir,Ginnety,aginnety5r@istockphoto.com,Male,106.172.15.125
209,Harmon,MacArthur,hmacarthur5s@deviantart.com,Male,128.122.115.176
210,Malvina,Brason,mbrason5t@wiley.com,Female,112.233.133.50
211,Sigmund,Cannon,scannon5u@opera.com,Male,120.240.113.75
212,Naomi,Stood,nstood5v@businessweek.com,Female,176.29.179.217
213,Charo,Duddin,cduddin5w@myspace.com,Female,189.194.236.114
214,Sarajane,Arrington,sarrington5x@barnesandnoble.com,Female,138.145.128.149
215,Pavla,Stealey,pstealey5y@npr.org,Female,203.6.234.243
216,Marlyn,Pothergill,mpothergill5z@abc.net.au,Female,175.251.140.95
217,Collete,Sissens,csissens60@clickbank.net,Female,73.215.102.130
218,Burgess,Veasey,bveasey61@vk.com,Male,58.74.65.37
219,Kynthia,Lardier,klardier62@dell.com,Female,155.56.33.126
220,Ancell,Hinrichsen,ahinrichsen63@posterous.com,Male,199.164.171.246
221,Owen,de Savery,odesavery64@merriam-webster.com,Male,246.68.158.60
222,Atlante,Rodie,arodie65@stanford.edu,Female,5.201.139.174
223,Fielding,De Bruyne,fdebruyne66@digg.com,Male,11.161.20.114
224,Shelton,Purkis,spurkis67@parallels.com,Male,136.155.75.70
225,Fair,Nudd,fnudd68@live.com,Male,228.40.140.47
226,Moyna,Wearne,mwearne69@ca.gov,Agender,73.157.107.221
227,Melita,Keach,mkeach6a@desdev.cn,Female,4.249.112.52
228,Karry,Rosin,krosin6b@quantcast.com,Female,178.176.56.184
229,Minnaminnie,Hew,mhew6c@wunderground.com,Female,7.140.2.180
230,Jeniece,Sexon,jsexon6d@wisc.edu,Female,67.172.158.234
231,Dew,Elwyn,delwyn6e@fema.gov,Male,202.171.253.231
232,Luelle,Eskriet,leskriet6f@oracle.com,Female,249.110.209.187
233,Korry,Astill,kastill6g@people.com.cn,Female,185.106.113.132
234,Janek,Cannon,jcannon6h@buzzfeed.com,Male,165.236.203.144
235,Guntar,McSpirron,gmcspirron6i@histats.com,Male,157.133.110.98
236,Mack,Fudge,mfudge6j@seattletimes.com,Male,102.89.114.102
237,Anitra,Partleton,apartleton6k@ucsd.edu,Female,29.54.243.33
238,Carley,Druce,cdruce6l@istockphoto.com,Female,148.36.59.88
239,Jada,Gosling,jgosling6m@dmoz.org,Female,151.14.58.143
240,Drusi,Mc Caghan,dmccaghan6n@webmd.com,Female,44.46.105.229
241,Kort,Scatcher,kscatcher6o@technorati.com,Male,37.227.252.127
242,Artemas,Corness,acorness6p@forbes.com,Male,237.110.134.176
243,Rici,Kobpac,rkobpac6q@gizmodo.com,Polygender,27.148.89.85
244,Ogdan,O'Reagan,ooreagan6r@ft.com,Male,226.11.155.30
245,Leonore,Rotter,lrotter6s@csmonitor.com,Female,2.116.114.29
246,Bernarr,Syvret,bsyvret6t@weather.com,Male,119.228.9.159
247,Joelynn,Sieb,jsieb6u@ft.com,Female,106.239.42.238
248,Elfrieda,Marin,emarin6v@phoca.cz,Female,30.245.153.91
249,Whitney,Sisneros,wsisneros6w@arizona.edu,Female,207.110.125.241
250,Felipe,Perrins,fperrins6x@google.cn,Non-binary,177.123.7.160
251,Vern,Langston,vlangston6y@independent.co.uk,Male,226.170.244.32
252,Jillana,Haylands,jhaylands6z@psu.edu,Female,192.57.188.56
253,Kennith,Erswell,kerswell70@blogs.com,Male,248.59.211.246
254,Sven,Halewood,shalewood71@multiply.com,Male,119.103.100.79
255,Rafaelia,Martinot,rmartinot72@theglobeandmail.com,Female,200.249.73.200
256,Ally,Badam,abadam73@state.tx.us,Female,201.198.22.219
257,Jenica,Schroter,jschroter74@digg.com,Female,106.106.20.17
258,Zabrina,Danzelman,zdanzelman75@livejournal.com,Female,132.253.43.61
259,Stacy,Egell,segell76@angelfire.com,Non-binary,49.85.89.109
260,Sukey,Bragge,sbragge77@livejournal.com,Genderqueer,33.186.235.196
261,Raffaello,Devo,rdevo78@timesonline.co.uk,Bigender,85.171.117.223
262,Doti,Schach,dschach79@mozilla.org,Female,94.51.151.179
263,Tobit,Blamphin,tblamphin7a@utexas.edu,Male,2.233.85.23
264,Verney,Sirmon,vsirmon7b@usa.gov,Male,172.186.70.188
265,Eleanor,Finlow,efinlow7c@ycombinator.com,Female,145.159.61.237
266,Carola,Wink,cwink7d@google.cn,Female,180.168.142.172
267,Abey,Fagg,afagg7e@livejournal.com,Male,213.236.214.154
268,Herold,Grigolli,hgrigolli7f@4shared.com,Male,30.110.78.143
269,Adora,Jansens,ajansens7g@google.pl,Genderfluid,140.57.126.163
270,Doralia,Paolazzi,dpaolazzi7h@alexa.com,Female,20.141.58.28
271,Phillie,Comiam,pcomiam7i@eepurl.com,Female,5.24.217.104
272,Sibelle,Tomkinson,stomkinson7j@japanpost.jp,Female,229.200.239.196
273,Sherwood,Lafrentz,slafrentz7k@vinaora.com,Male,20.169.67.21
274,Colline,Longstreeth,clongstreeth7l@springer.com,Female,163.56.54.228
275,Baily,Halbard,bhalbard7m@wisc.edu,Male,174.76.112.126
276,Lusa,Mudie,lmudie7n@nhs.uk,Female,235.247.48.232
277,Gonzalo,Moulds,gmoulds7o@1und1.de,Bigender,141.115.247.128
278,Nikolaos,Ruddy,nruddy7p@yale.edu,Bigender,5.149.51.70
279,Norene,Chettoe,nchettoe7q@answers.com,Female,55.129.116.210
280,Waring,Gray,wgray7r@discovery.com,Male,165.15.118.213
281,Kerry,Dearnley,kdearnley7s@wsj.com,Male,107.6.139.191
282,Tatum,Ebsworth,tebsworth7t@smh.com.au,Female,122.98.140.120
283,Conny,Sebring,csebring7u@bloglines.com,Male,111.18.235.22
284,Blondie,Baynard,bbaynard7v@admin.ch,Agender,97.210.54.232
285,Wittie,Newvell,wnewvell7w@tiny.cc,Male,248.89.63.36
286,Delcina,Goforth,dgoforth7x@is.gd,Polygender,242.236.114.162
287,Jobey,Houston,jhouston7y@walmart.com,Female,12.222.2.211
288,Boonie,Telezhkin,btelezhkin7z@ifeng.com,Male,197.89.148.125
289,Son,Scown,sscown80@wix.com,Male,231.26.2.243
290,Merry,Semonin,msemonin81@admin.ch,Male,195.35.6.171
291,Hercule,Sanpher,hsanpher82@census.gov,Male,77.27.45.108
292,Alister,Stirzaker,astirzaker83@apache.org,Male,36.246.167.28
293,Pavlov,Neeve,pneeve84@cbsnews.com,Male,19.17.194.167
294,Geneva,Filyushkin,gfilyushkin85@fotki.com,Female,189.8.167.133
295,Thurstan,Hubbart,thubbart86@blogtalkradio.com,Male,27.13.114.27
296,Eddi,Altoft,ealtoft87@geocities.com,Female,93.32.116.205
297,Alla,Guise,aguise88@newsvine.com,Female,246.48.61.164
298,Kristofor,Thorneywork,kthorneywork89@mapquest.com,Non-binary,100.118.4.204
299,Arni,Evelyn,aevelyn8a@uiuc.edu,Male,220.129.135.25
300,Wanda,Gaylor,wgaylor8b@godaddy.com,Female,186.229.130.89
301,Kevyn,Domenc,kdomenc8c@cbslocal.com,Female,202.217.78.231
302,Donn,Bruno,dbruno8d@uol.com.br,Male,162.6.85.163
303,Rey,Boakes,rboakes8e@unc.edu,Male,134.55.222.16
304,Ogden,Edmunds,oedmunds8f@squidoo.com,Male,228.32.185.42
305,Mimi,Songist,msongist8g@google.cn,Female,100.83.40.207
306,Dallas,Edgecombe,dedgecombe8h@wired.com,Male,23.29.103.102
307,Silvain,Malcher,smalcher8i@ucla.edu,Male,194.152.245.121
308,Bondie,Callard,bcallard8j@tamu.edu,Bigender,19.241.105.131
309,Marni,Crosetto,mcrosetto8k@vinaora.com,Female,235.231.211.102
310,Dorothea,Pedrocchi,dpedrocchi8l@networkadvertising.org,Female,100.103.197.232
311,Estel,Aireton,eaireton8m@wikispaces.com,Female,152.200.102.5
312,Bryce,Leger,bleger8n@taobao.com,Male,177.58.119.86
313,Addi,Houltham,ahoultham8o@opera.com,Female,74.117.218.142
314,Leroi,Ryan,lryan8p@unicef.org,Non-binary,133.238.183.43
315,Chantalle,Bruno,cbruno8q@storify.com,Female,104.49.108.76
316,Flinn,Blucher,fblucher8r@xrea.com,Male,119.251.70.36
317,Jourdain,Lymer,jlymer8s@indiegogo.com,Male,3.85.158.150
318,Norton,Postlewhite,npostlewhite8t@reference.com,Male,20.71.40.156
319,Katey,Coniam,kconiam8u@psu.edu,Female,177.31.47.246
320,Neal,Footitt,nfootitt8v@patch.com,Male,184.121.83.162
321,Orren,Wolverson,owolverson8w@phoca.cz,Male,179.202.107.225
322,Raff,Bovis,rbovis8x@google.com.br,Male,12.118.103.243
323,Laverna,Ells,lells8y@feedburner.com,Female,212.92.97.27
324,Nerissa,Atmore,natmore8z@netlog.com,Female,1.9.116.172
325,Clive,Fenne,cfenne90@usda.gov,Male,254.181.14.12
326,Elwyn,Filchagin,efilchagin91@nba.com,Male,19.26.58.149
327,Sergei,Gleder,sgleder92@people.com.cn,Male,98.233.128.76
328,Luciana,Arderne,larderne93@miitbeian.gov.cn,Female,86.109.253.78
329,Phillida,Oneal,poneal94@netscape.com,Female,178.53.8.74
330,Reginauld,Gallager,rgallager95@1688.com,Male,187.143.219.63
331,Amalee,Olivo,aolivo96@gnu.org,Female,37.114.130.200
332,Andy,O'Flaherty,aoflaherty97@slashdot.org,Female,28.111.49.110
333,Issy,Chilton,ichilton98@people.com.cn,Female,234.146.93.75
334,Genia,Proschek,gproschek99@meetup.com,Female,239.127.28.16
335,Joey,Ricciardello,jricciardello9a@theguardian.com,Female,154.58.168.218
336,Che,Yedall,cyedall9b@rakuten.co.jp,Male,124.147.204.27
337,Edwina,Gregr,egregr9c@networksolutions.com,Female,129.2.41.226
338,Jerri,McCrohon,jmccrohon9d@usda.gov,Non-binary,38.233.237.139
339,Lynna,Backwell,lbackwell9e@mapquest.com,Female,53.158.195.63
340,Dion,Newsham,dnewsham9f@rakuten.co.jp,Male,212.90.80.205
341,Fritz,Khidr,fkhidr9g@so-net.ne.jp,Male,178.184.187.170
342,Andres,Salkild,asalkild9h@dion.ne.jp,Male,209.186.174.169
343,Mathian,Fullager,mfullager9i@posterous.com,Non-binary,67.116.245.4
344,Colene,Belch,cbelch9j@mediafire.com,Female,72.240.255.104
345,Leese,Gumbrell,lgumbrell9k@unblog.fr,Female,172.41.97.113
346,Jewell,Tomaini,jtomaini9l@histats.com,Bigender,195.80.250.220
347,Hobey,Belamy,hbelamy9m@360.cn,Male,241.168.91.147
348,Mufi,Serjeant,mserjeant9n@who.int,Female,67.10.69.88
349,Bucky,Halewood,bhalewood9o@hubpages.com,Male,83.54.58.139
350,Butch,Halegarth,bhalegarth9p@tripod.com,Male,247.41.24.236
351,Hammad,Eburah,heburah9q@amazon.de,Male,72.227.206.37
352,Herby,Evetts,hevetts9r@wikispaces.com,Male,119.243.205.249
353,Kippie,Algar,kalgar9s@gmpg.org,Female,211.74.56.125
354,Jami,Lillicrop,jlillicrop9t@discuz.net,Female,90.57.167.102
355,Allianora,Paskins,apaskins9u@usatoday.com,Female,142.82.180.163
356,Laina,Klesel,lklesel9v@google.com.br,Female,242.42.28.107
357,Carlo,McNelis,cmcnelis9w@usnews.com,Male,55.250.97.226
358,Fallon,Beavan,fbeavan9x@wordpress.org,Female,96.36.209.199
359,Jamie,Durgan,jdurgan9y@shareasale.com,Female,182.121.128.244
360,Barrett,Hawford,bhawford9z@alibaba.com,Male,151.134.209.223
361,Boyd,Lalley,blalleya0@mysql.com,Male,91.157.134.244
362,Moria,Treves,mtrevesa1@reference.com,Female,88.57.186.12
363,Lynn,Corrett,lcorretta2@flickr.com,Male,157.40.93.83
364,Maye,Tamlett,mtamletta3@ca.gov,Female,40.170.92.136
365,Christabella,Nanni,cnannia4@ft.com,Female,212.93.39.123
366,Lilly,Jendas,ljendasa5@usa.gov,Female,11.168.1.181
367,Dorice,Bagshaw,dbagshawa6@yellowbook.com,Female,43.238.222.59
368,Karoly,Birney,kbirneya7@xinhuanet.com,Male,140.133.228.47
369,Garnet,Crisford,gcrisforda8@wikia.com,Female,136.157.134.255
370,Nessy,Mityukov,nmityukova9@myspace.com,Female,132.162.109.161
371,Stefanie,Winham,swinhamaa@yolasite.com,Polygender,85.153.15.188
372,Candie,Kohen,ckohenab@wiley.com,Female,210.34.254.123
373,Alexander,Hackey,ahackeyac@dot.gov,Male,162.179.77.229
374,Dar,Tennewell,dtennewellad@wikimedia.org,Male,110.192.236.130
375,Zelig,Eronie,zeronieae@ovh.net,Male,172.203.62.49
376,Karleen,Yeeles,kyeelesaf@ask.com,Female,90.96.19.55
377,Cornela,Dillamore,cdillamoreag@oakley.com,Female,192.241.230.236
378,Petrina,Calderonello,pcalderonelloah@feedburner.com,Female,40.124.174.6
379,Abigale,Kiggel,akiggelai@reuters.com,Female,188.52.220.125
380,Lindsay,Rapp,lrappaj@pen.io,Female,136.213.45.102
381,Kristen,Fewell,kfewellak@stumbleupon.com,Genderfluid,137.25.81.182
382,Gordie,Jorez,gjorezal@etsy.com,Male,186.40.252.136
383,Lebbie,Hinkins,lhinkinsam@e-recht24.de,Female,164.198.232.161
384,Robbyn,Stuer,rstueran@answers.com,Female,84.225.68.143
385,Clarisse,Vedeniktov,cvedeniktovao@sfgate.com,Female,125.215.1.179
386,Beryle,Valentim,bvalentimap@tmall.com,Female,4.15.172.224
387,Nevil,Halgarth,nhalgarthaq@ebay.com,Male,250.34.225.46
388,Fleming,Lawfull,flawfullar@ehow.com,Male,223.120.14.91
389,Gustav,Pennoni,gpennonias@nsw.gov.au,Male,236.5.42.127
390,Selig,Birk,sbirkat@blogspot.com,Male,12.92.236.5
391,Dill,Steere,dsteereau@skype.com,Male,9.209.225.182
392,Dulcie,Pashenkov,dpashenkovav@slideshare.net,Female,129.50.38.94
393,Estelle,Badsey,ebadseyaw@usgs.gov,Female,226.79.5.97
394,Frederick,Chippindall,fchippindallax@ebay.co.uk,Male,175.36.106.58
395,Marmaduke,Ashman,mashmanay@weebly.com,Male,101.184.204.82
396,Marlin,Wolfendale,mwolfendaleaz@last.fm,Male,219.92.209.35
397,Rodolph,Halksworth,rhalksworthb0@hud.gov,Male,49.48.111.57
398,Ingar,Dumingo,idumingob1@biblegateway.com,Male,39.86.85.157
399,Saunderson,McKendry,smckendryb2@thetimes.co.uk,Male,102.170.73.241
400,Anna-maria,Brasseur,abrasseurb3@indiatimes.com,Female,128.60.125.115
401,Gil,Emblow,gemblowb4@mlb.com,Male,156.242.154.15
402,Nicola,Flay,nflayb5@ocn.ne.jp,Male,222.182.16.123
403,Cecil,Silby,csilbyb6@theatlantic.com,Male,101.131.134.250
404,Sammy,Khalid,skhalidb7@yellowpages.com,Female,237.221.186.109
405,Yevette,Nibley,ynibleyb8@aol.com,Female,223.240.40.64
406,Terrel,Cottee,tcotteeb9@woothemes.com,Male,144.19.22.3
407,Anastasia,Dallemore,adallemoreba@google.ru,Female,178.141.213.151
408,Findley,Jewett,fjewettbb@state.tx.us,Male,2.86.223.10
409,Odele,Stenhouse,ostenhousebc@sciencedirect.com,Female,253.19.246.111
410,Cally,Tinton,ctintonbd@ning.com,Female,36.38.80.84
411,Rafaellle,Ferriman,rferrimanbe@networksolutions.com,Male,96.8.168.201
412,Jackquelin,Doram,jdorambf@loc.gov,Female,253.53.251.80
413,Lyndy,Risbie,lrisbiebg@google.it,Female,17.122.250.248
414,Sheree,Breche,sbrechebh@berkeley.edu,Female,34.189.249.13
415,Hersch,Ledbury,hledburybi@wikimedia.org,Male,13.222.0.105
416,Herb,Buttwell,hbuttwellbj@ucsd.edu,Male,206.97.200.50
417,Lannie,Glayzer,lglayzerbk@webeden.co.uk,Male,76.143.242.168
418,Demetra,Tucknott,dtucknottbl@sfgate.com,Female,52.138.22.205
419,Meta,Pautot,mpautotbm@virginia.edu,Female,168.145.32.146
420,Joey,Gateman,jgatemanbn@abc.net.au,Female,246.126.163.240
421,Wesley,Sorby,wsorbybo@sciencedirect.com,Male,173.61.36.66
422,Ruth,Gerhts,rgerhtsbp@sphinn.com,Female,30.188.79.50
423,Erhard,Oxtoby,eoxtobybq@yahoo.co.jp,Male,160.225.132.59
424,Edna,Pidgeon,epidgeonbr@answers.com,Female,31.197.63.41
425,Cassi,Bardwall,cbardwallbs@hud.gov,Female,233.133.100.173
426,Lotty,Buggs,lbuggsbt@facebook.com,Female,97.183.49.122
427,Bondy,Dodworth,bdodworthbu@bandcamp.com,Male,228.202.21.23
428,Robbi,Bradnick,rbradnickbv@uol.com.br,Female,114.166.107.162
429,Guillermo,Dockrey,gdockreybw@cyberchimps.com,Male,216.27.181.110
430,Carlye,Ramlot,cramlotbx@disqus.com,Female,190.83.54.49
431,Sheila-kathryn,Mocker,smockerby@intel.com,Female,244.247.93.113
432,Johnath,Jon,jjonbz@amazon.com,Female,5.131.165.37
433,Patrick,Dunderdale,pdunderdalec0@zimbio.com,Male,175.204.124.184
434,Nolie,Shwalbe,nshwalbec1@webmd.com,Female,21.182.39.110
435,Del,Pullen,dpullenc2@w3.org,Female,46.69.234.141
436,Dorita,Mapp,dmappc3@omniture.com,Agender,126.8.69.139
437,Darya,Trivett,dtrivettc4@pcworld.com,Polygender,120.188.161.123
438,Terry,Hehnke,thehnkec5@mtv.com,Genderqueer,118.54.64.89
439,Sidoney,Dommersen,sdommersenc6@angelfire.com,Non-binary,107.142.194.246
440,Margy,Alpes,malpesc7@cbsnews.com,Female,96.76.203.72
441,Karmen,Ribbon,kribbonc8@cnbc.com,Female,18.244.44.204
442,Laney,Caird,lcairdc9@fda.gov,Polygender,221.209.42.49
443,Mariam,O'Neal,monealca@illinois.edu,Polygender,12.133.163.29
444,Sephira,Guys,sguyscb@baidu.com,Female,21.250.124.229
445,Avrom,Ince,aincecc@mtv.com,Male,212.138.230.159
446,Odey,Creasey,ocreaseycd@seesaa.net,Male,40.44.59.35
447,Leigha,Reckless,lrecklessce@friendfeed.com,Female,35.215.161.220
448,Sydel,Iorillo,siorillocf@addtoany.com,Female,190.129.227.231
449,Risa,Stivers,rstiverscg@paypal.com,Female,248.176.37.79
450,Dannie,Tie,dtiech@scribd.com,Male,35.42.163.171
451,Aeriela,Bloodworthe,abloodwortheci@woothemes.com,Female,41.1.92.172
452,Lombard,Mazdon,lmazdoncj@themeforest.net,Male,113.93.220.128
453,Aubrey,Brafferton,abraffertonck@java.com,Female,63.44.109.234
454,Kingston,Bineham,kbinehamcl@sciencedaily.com,Male,28.234.69.177
455,Tabbitha,Offa,toffacm@uol.com.br,Female,253.2.33.45
456,Maryann,Tuma,mtumacn@typepad.com,Female,240.97.199.25
457,Kendell,Gritton,kgrittonco@imgur.com,Male,208.211.192.69
458,Cully,Pentland,cpentlandcp@netlog.com,Male,206.34.186.46
459,Philippine,Puddefoot,ppuddefootcq@vk.com,Female,226.186.132.120
460,Dora,Firk,dfirkcr@xing.com,Female,154.73.107.243
461,Luce,Kingswood,lkingswoodcs@mapy.cz,Genderqueer,24.223.146.205
462,Tomkin,Farden,tfardenct@cloudflare.com,Male,45.228.184.35
463,Ailee,Amburgy,aamburgycu@google.it,Female,19.242.8.31
464,Richy,Owbridge,rowbridgecv@webs.com,Genderqueer,60.159.105.32
465,Zonda,De Ruel,zderuelcw@sfgate.com,Polygender,130.106.86.69
466,Myriam,McJarrow,mmcjarrowcx@over-blog.com,Female,26.229.79.111
467,Colas,Ollerton,collertoncy@google.es,Male,87.239.76.202
468,Tobe,Slee,tsleecz@eventbrite.com,Male,226.196.138.80
469,Jake,Rother,jrotherd0@diigo.com,Agender,63.180.143.53
470,Joshuah,Bayliss,jbaylissd1@naver.com,Male,244.90.72.58
471,Giorgio,Melluish,gmelluishd2@businessweek.com,Male,231.76.19.72
472,Fanechka,Erdely,ferdelyd3@xrea.com,Female,55.161.186.164
473,Lammond,Hanbidge,lhanbidged4@meetup.com,Male,155.20.168.0
474,Kathrine,Magauran,kmagaurand5@rambler.ru,Female,110.116.187.239
475,Geraldine,Twigger,gtwiggerd6@globo.com,Genderfluid,49.142.212.103
476,Markos,Bresman,mbresmand7@sun.com,Male,109.30.55.210
477,Amabel,Buckenhill,abuckenhilld8@timesonline.co.uk,Female,86.134.161.208
478,Lorilyn,Nise,lnised9@dmoz.org,Female,144.243.98.218
479,Guillemette,Faulks,gfaulksda@sina.com.cn,Female,90.222.113.161
480,Chaim,Truin,ctruindb@macromedia.com,Male,114.213.144.107
481,Amargo,Iori,aioridc@phpbb.com,Female,123.228.63.103
482,Eli,Shervil,eshervildd@redcross.org,Male,13.250.127.242
483,Towney,Heffy,theffyde@feedburner.com,Male,16.136.26.64
484,Valaree,Bresson,vbressondf@dell.com,Genderqueer,111.149.237.64
485,Konrad,Yglesias,kyglesiasdg@mit.edu,Male,207.108.249.176
486,Egon,MacRedmond,emacredmonddh@vinaora.com,Male,24.31.105.70
487,Brody,Levens,blevensdi@360.cn,Male,63.113.19.205
488,Margaret,Goodship,mgoodshipdj@yandex.ru,Female,9.145.223.198
489,Alena,McPhater,amcphaterdk@hud.gov,Female,142.24.23.8
490,Giffard,Boays,gboaysdl@barnesandnoble.com,Male,91.131.155.182
491,Salomon,Kettley,skettleydm@fc2.com,Male,194.143.145.140
492,Tammara,McCamish,tmccamishdn@cnet.com,Female,235.113.224.14
493,Dorelia,Boyle,dboyledo@shareasale.com,Female,105.88.99.70
494,Morly,Braizier,mbraizierdp@amazon.co.uk,Male,215.35.140.16
495,Gaby,Bouskill,gbouskilldq@people.com.cn,Female,246.9.73.186
496,Isa,Chafer,ichaferdr@gizmodo.com,Male,48.133.217.57
497,Alia,Gasken,agaskends@google.pl,Female,181.102.77.119
498,Inigo,Gaitone,igaitonedt@google.es,Male,123.198.62.97
499,Alleyn,Medgewick,amedgewickdu@cnbc.com,Male,139.235.73.57
500,Giacinta,Sidden,gsiddendv@bloomberg.com,Female,187.82.92.27
501,Audrie,Fryman,afrymandw@ning.com,Female,133.149.231.60
502,Bondy,Turville,bturvilledx@mac.com,Polygender,25.8.58.214
503,Editha,Clawsley,eclawsleydy@live.com,Female,235.27.218.1
504,Violette,Chasemoore,vchasemooredz@baidu.com,Female,211.45.80.99
505,Ade,Smithyman,asmithymane0@stanford.edu,Male,13.222.217.8
506,Alden,Raecroft,araecrofte1@ustream.tv,Male,56.1.163.211
507,Jacquenetta,Schapero,jschaperoe2@biblegateway.com,Female,113.73.252.121
508,Manolo,Hallor,mhallore3@imageshack.us,Male,247.169.70.31
509,Quintana,Heardman,qheardmane4@umich.edu,Agender,45.5.10.196
510,Ramonda,De Hailes,rdehailese5@unesco.org,Female,26.58.77.10
511,Frances,Ansley,fansleye6@yale.edu,Female,155.163.38.163
512,Charley,Gerring,cgerringe7@senate.gov,Male,87.101.154.94
513,Esma,Moralis,emoralise8@fotki.com,Female,46.205.62.220
514,Gretta,Hortop,ghortope9@wordpress.org,Polygender,127.100.158.54
515,Dane,Rudolfer,drudolferea@squidoo.com,Male,135.53.131.10
516,Gardie,Deverson,gdeversoneb@yahoo.co.jp,Male,201.50.93.16
517,Rebe,Pinwill,rpinwillec@fema.gov,Female,214.110.42.203
518,Aron,Matczak,amatczaked@cornell.edu,Male,75.235.8.100
519,April,Lethieulier,alethieulieree@goo.gl,Female,161.60.198.108
520,Dukey,Dearle-Palser,ddearlepalseref@icio.us,Male,121.115.0.231
521,Silvan,Viney,svineyeg@jimdo.com,Male,234.215.23.100
522,Cristobal,Van den Dael,cvandendaeleh@cisco.com,Male,11.72.48.136
523,Dalton,Godsafe,dgodsafeei@cafepress.com,Male,4.82.110.226
524,Ellyn,Debney,edebneyej@jalbum.net,Female,7.27.4.174
525,Renate,Blinde,rblindeek@dot.gov,Female,206.232.69.79
526,Josie,Glancy,jglancyel@nytimes.com,Female,34.40.14.240
527,Katie,Ojeda,kojedaem@wikimedia.org,Female,60.176.24.48
528,Nico,Crammy,ncrammyen@constantcontact.com,Male,251.173.109.17
529,Tamarah,Skeath,tskeatheo@drupal.org,Female,252.192.170.2
530,Ashley,Jelleman,ajellemanep@free.fr,Male,24.184.254.93
531,Chloe,O'Haire,cohaireeq@macromedia.com,Female,119.107.212.166
532,Louie,Maus,lmauser@about.com,Male,232.98.4.30
533,Harland,Mearing,hmearinges@imageshack.us,Male,162.155.225.219
534,Lorettalorna,Aitcheson,laitchesonet@a8.net,Female,200.65.23.61
535,Aland,Biggins,abigginseu@auda.org.au,Male,118.95.63.137
536,Cheryl,Hadny,chadnyev@artisteer.com,Agender,17.6.183.10
537,Denys,Neem,dneemew@tinyurl.com,Female,52.235.230.214
538,Phillip,Wisher,pwisherex@ihg.com,Male,255.244.135.28
539,Lib,Attac,lattacey@histats.com,Female,112.33.46.146
540,Ellwood,Keppie,ekeppieez@sogou.com,Male,32.148.217.58
541,Vincenz,Novkovic,vnovkovicf0@privacy.gov.au,Male,206.132.200.205
542,Barby,Clark,bclarkf1@umich.edu,Female,30.107.30.73
543,Shanna,Kliment,sklimentf2@yellowpages.com,Female,57.167.191.54
544,Fairlie,Berthot,fberthotf3@creativecommons.org,Male,171.6.13.146
545,Madelyn,Colerick,mcolerickf4@ihg.com,Female,116.215.250.47
546,Garek,Blasoni,gblasonif5@opensource.org,Male,218.31.163.37
547,Horton,Quilliam,hquilliamf6@xing.com,Male,133.137.72.49
548,Jud,Bockh,jbockhf7@opensource.org,Male,194.128.154.224
549,Barr,Jeppe,bjeppef8@wikimedia.org,Male,46.58.37.196
550,Dorrie,Cragg,dcraggf9@bigcartel.com,Non-binary,48.154.92.20
551,Abbe,Braghini,abraghinifa@deviantart.com,Female,45.215.101.169
552,Ashlan,Maykin,amaykinfb@w3.org,Female,160.65.185.110
553,Karyn,Maleney,kmaleneyfc@newyorker.com,Female,66.159.18.240
554,Cele,Vasyunin,cvasyuninfd@forbes.com,Female,187.230.49.34
555,Sonny,Witz,switzfe@51.la,Male,222.198.161.71
556,Daisey,Leven,dlevenff@buzzfeed.com,Agender,58.63.184.250
557,Geri,Shoutt,gshouttfg@vistaprint.com,Male,7.254.33.73
558,Arlan,Theml,athemlfh@biglobe.ne.jp,Male,140.174.188.193
559,Laughton,Aleavy,laleavyfi@redcross.org,Male,254.249.226.7
560,Kenna,Feldhorn,kfeldhornfj@google.es,Female,229.232.89.228
561,Yettie,D'eye,ydeyefk@livejournal.com,Female,213.47.87.71
562,Darby,Pavic,dpavicfl@slideshare.net,Male,178.214.52.39
563,Beth,Bassilashvili,bbassilashvilifm@oakley.com,Female,204.85.173.31
564,Charo,Schild,cschildfn@reference.com,Female,79.32.188.23
565,Trstram,McClinton,tmcclintonfo@cpanel.net,Male,221.167.85.127
566,Carlin,Keepe,ckeepefp@wikia.com,Female,158.246.24.24
567,Leese,Lloyd,llloydfq@ed.gov,Female,169.245.167.54
568,Parsifal,Ferryn,pferrynfr@zdnet.com,Male,211.38.78.64
569,Ivan,Smitten,ismittenfs@seattletimes.com,Male,90.221.26.143
570,Hussein,Trusdale,htrusdaleft@comcast.net,Male,218.199.69.97
571,Doll,Carnson,dcarnsonfu@europa.eu,Female,202.194.33.104
572,Liz,Greenroa,lgreenroafv@dedecms.com,Female,172.39.31.197
573,Fae,Phipps,fphippsfw@t-online.de,Female,41.20.16.219
574,Gray,Streets,gstreetsfx@google.de,Male,197.236.228.21
575,Robinetta,Sparway,rsparwayfy@oaic.gov.au,Female,230.116.238.215
576,Mattie,Talks,mtalksfz@4shared.com,Male,244.36.2.244
577,Allis,Entres,aentresg0@sitemeter.com,Female,199.76.219.136
578,Kaleena,Oleszcuk,koleszcukg1@reddit.com,Female,121.84.108.29
579,Alvin,Hartington,ahartingtong2@vimeo.com,Male,189.230.79.158
580,Josias,Pray,jprayg3@ning.com,Male,50.64.62.140
581,Laurent,Foyster,lfoysterg4@devhub.com,Male,168.235.236.118
582,Nat,Wield,nwieldg5@360.cn,Non-binary,102.210.16.104
583,Hestia,Saket,hsaketg6@yale.edu,Female,234.110.165.196
584,Avis,Oddey,aoddeyg7@desdev.cn,Female,75.170.246.61
585,Samara,Wahner,swahnerg8@barnesandnoble.com,Female,180.153.85.138
586,Carola,Pideon,cpideong9@163.com,Female,184.59.125.169
587,Matthaeus,Whannel,mwhannelga@spiegel.de,Male,121.243.44.40
588,Blancha,Winwright,bwinwrightgb@tamu.edu,Female,132.159.201.110
589,Happy,Odhams,hodhamsgc@skype.com,Female,222.64.115.188
590,Sula,Bartolomeoni,sbartolomeonigd@51.la,Female,85.68.50.105
591,Rance,Benettelli,rbenettellige@nifty.com,Male,158.150.25.23
592,Zara,Trevan,ztrevangf@google.com.au,Female,63.124.233.124
593,Maudie,McMechan,mmcmechangg@addtoany.com,Female,70.64.241.230
594,Michaela,Alleyn,malleyngh@trellian.com,Female,116.55.20.232
595,Mollie,Howling,mhowlinggi@parallels.com,Female,194.62.34.229
596,Pembroke,Dureden,pduredengj@bbc.co.uk,Male,98.4.173.225
597,Allen,Truscott,atruscottgk@xing.com,Male,158.181.80.140
598,Morrie,Girling,mgirlinggl@sciencedaily.com,Male,2.190.6.97
599,Mitchel,Tabary,mtabarygm@cornell.edu,Male,141.51.31.140
600,Quintilla,Shovlar,qshovlargn@bing.com,Female,108.79.77.89
601,Dunn,Spink,dspinkgo@nyu.edu,Male,109.231.74.135
602,Myrna,Draco,mdracogp@bloomberg.com,Female,196.238.229.64
603,Clare,Dedenham,cdedenhamgq@devhub.com,Male,46.82.247.8
604,Solomon,Meiner,smeinergr@sun.com,Male,2.140.253.215
605,Gennie,Langlands,glanglandsgs@nsw.gov.au,Female,232.205.223.228
606,Merlina,Massimo,mmassimogt@alexa.com,Female,166.51.39.238
607,Lorrayne,Pawfoot,lpawfootgu@cbc.ca,Female,61.122.114.164
608,Arnold,Spiniello,aspiniellogv@google.com.br,Male,202.146.43.140
609,Willey,Wilcocke,wwilcockegw@npr.org,Male,12.120.48.144
610,Martguerita,Huelin,mhuelingx@mozilla.org,Female,179.219.231.87
611,Dennie,Ridgley,dridgleygy@seesaa.net,Female,123.174.136.214
612,Beatriz,Anyene,banyenegz@surveymonkey.com,Female,68.227.62.21
613,Cleo,Dron,cdronh0@huffingtonpost.com,Genderqueer,23.147.230.28
614,Lazare,Tantum,ltantumh1@symantec.com,Male,169.183.221.1
615,Pippa,Imeson,pimesonh2@livejournal.com,Female,26.243.49.60
616,Lance,Tomasicchio,ltomasicchioh3@prlog.org,Male,103.117.47.14
617,Athene,Strothers,astrothersh4@ebay.com,Genderqueer,68.63.44.127
618,Sammy,Blowin,sblowinh5@so-net.ne.jp,Female,98.252.224.3
619,Harrie,Sterrick,hsterrickh6@flavors.me,Female,185.82.106.188
620,Korry,Spieck,kspieckh7@tripod.com,Polygender,79.17.180.253
621,Hally,Christopher,hchristopherh8@topsy.com,Female,59.106.229.172
622,Averil,Byram,abyramh9@bloglines.com,Male,118.68.36.99
623,Marianna,Ceyssen,mceyssenha@scientificamerican.com,Female,147.146.51.184
624,Cathee,Clere,cclerehb@indiatimes.com,Genderqueer,164.82.81.154
625,Cammy,Dolligon,cdolligonhc@storify.com,Female,186.88.106.165
626,Celina,Cicchitello,ccicchitellohd@trellian.com,Female,222.242.207.85
627,Any,Stivani,astivanihe@hubpages.com,Male,140.4.244.37
628,Isidoro,Foffano,ifoffanohf@economist.com,Male,190.245.47.132
629,Tandie,Clague,tclaguehg@soup.io,Female,117.60.219.232
630,Cheslie,Lanceley,clanceleyhh@reuters.com,Female,211.203.82.162
631,Marion,Mirams,mmiramshi@amazon.de,Male,175.158.148.247
632,Shalom,Smaile,ssmailehj@aol.com,Male,248.122.222.122
633,Tamarra,Sinisbury,tsinisburyhk@fotki.com,Female,7.181.4.218
634,Lindsay,Worling,lworlinghl@engadget.com,Male,253.163.47.105
635,Annora,Gosnoll,agosnollhm@smugmug.com,Polygender,212.109.187.131
636,Shepherd,Dutson,sdutsonhn@chicagotribune.com,Male,88.223.163.15
637,Vic,Flett,vflettho@ft.com,Male,137.254.9.16
638,Tildy,McGeachie,tmcgeachiehp@state.gov,Agender,38.193.123.164
639,Josh,Scimonelli,jscimonellihq@wikipedia.org,Male,169.173.111.224
640,Wolfie,Demkowicz,wdemkowiczhr@army.mil,Male,83.2.209.159
641,Rod,Tebbe,rtebbehs@paginegialle.it,Male,193.28.223.157
642,Marcille,Brooking,mbrookinght@ycombinator.com,Female,49.114.251.169
643,Pauly,Toby,ptobyhu@disqus.com,Female,147.127.5.118
644,Ginnie,McCosh,gmccoshhv@youku.com,Female,16.108.47.73
645,Cherye,Gaitskell,cgaitskellhw@exblog.jp,Female,4.249.175.69
646,Tessi,Nibley,tnibleyhx@nhs.uk,Female,101.249.107.168
647,Merell,Twigger,mtwiggerhy@hc360.com,Male,58.192.109.104
648,Maurits,Ganford,mganfordhz@geocities.jp,Male,98.249.220.18
649,Dionisio,Deverille,ddeverillei0@cornell.edu,Male,128.131.132.45
650,Zitella,Manthroppe,zmanthroppei1@biblegateway.com,Female,60.226.242.240
651,Gertruda,McKerlie,gmckerliei2@oaic.gov.au,Genderfluid,117.44.130.185
652,Carlotta,Gwinn,cgwinni3@desdev.cn,Female,245.164.209.186
653,Nikaniki,Pinn,npinni4@feedburner.com,Female,94.120.62.136
654,Stern,Clayden,sclaydeni5@dropbox.com,Male,210.143.156.17
655,Joletta,Arondel,jarondeli6@unblog.fr,Female,225.67.237.97
656,Crista,Ruppert,crupperti7@eepurl.com,Female,208.233.85.207
657,Susann,Greenley,sgreenleyi8@opera.com,Non-binary,50.183.107.26
658,Lebbie,Stickel,lstickeli9@house.gov,Female,144.174.193.246
659,Aron,Dukelow,adukelowia@slideshare.net,Male,141.83.5.66
660,Guthrey,Dobrowlski,gdobrowlskiib@mozilla.com,Male,92.40.32.186
661,Chad,Astill,castillic@nbcnews.com,Male,94.8.194.112
662,Meyer,Duddell,mduddellid@cbslocal.com,Male,179.245.75.217
663,Karita,Finders,kfindersie@bloomberg.com,Female,147.116.30.178
664,Bibbye,Stilly,bstillyif@domainmarket.com,Female,52.89.73.217
665,Cinda,Guys,cguysig@toplist.cz,Agender,7.91.26.174
666,Gene,Nodes,gnodesih@comsenz.com,Male,119.141.100.74
667,Marje,Berrigan,mberriganii@tamu.edu,Female,177.213.249.187
668,Oralle,Florence,oflorenceij@mozilla.org,Female,113.13.254.183
669,Pascal,Paolino,ppaolinoik@hexun.com,Male,16.87.30.86
670,Guido,Duckhouse,gduckhouseil@clickbank.net,Male,148.212.223.183
671,Graehme,Lavis,glavisim@pagesperso-orange.fr,Male,235.196.156.26
672,Maxy,Pesticcio,mpesticcioin@mapy.cz,Genderqueer,234.159.149.38
673,Barry,Carp,bcarpio@google.com.hk,Female,146.155.139.151
674,Hunter,Harvard,hharvardip@spiegel.de,Male,119.246.8.23
675,Moishe,McCosh,mmccoshiq@engadget.com,Male,180.247.107.213
676,Vania,Bengtsen,vbengtsenir@cbslocal.com,Female,1.53.135.98
677,Steffen,Throssell,sthrossellis@facebook.com,Male,255.148.140.245
678,Sybyl,Grigoryev,sgrigoryevit@360.cn,Female,63.131.1.161
679,Starlene,McNish,smcnishiu@macromedia.com,Non-binary,43.166.35.232
680,Desmond,Crissil,dcrissiliv@miitbeian.gov.cn,Male,167.198.35.70
681,Emili,Behan,ebehaniw@wikispaces.com,Female,13.94.98.2
682,Gui,Mollindinia,gmollindiniaix@shop-pro.jp,Female,224.32.130.18
683,Lydon,Bardill,lbardilliy@bloomberg.com,Male,169.219.96.158
684,Nikita,Tarborn,ntarborniz@berkeley.edu,Male,142.7.161.168
685,Eveleen,Coda,ecodaj0@cbslocal.com,Female,8.104.4.122
686,Shannon,Crispe,scrispej1@google.co.uk,Female,30.159.88.191
687,Valentin,Dyment,vdymentj2@constantcontact.com,Male,106.127.153.204
688,Corette,Palffy,cpalffyj3@oakley.com,Female,218.126.233.5
689,Dolph,MacKey,dmackeyj4@aol.com,Male,151.41.204.238
690,King,Ferreira,kferreiraj5@usa.gov,Male,30.119.117.202
691,Aloysia,Bickerstaffe,abickerstaffej6@livejournal.com,Female,9.176.63.211
692,Roldan,Chastanet,rchastanetj7@springer.com,Genderfluid,40.47.56.111
693,North,Learned,nlearnedj8@blogs.com,Male,121.14.235.89
694,Almire,Hurler,ahurlerj9@opensource.org,Genderfluid,218.248.129.187
695,Teador,Kemetz,tkemetzja@uiuc.edu,Male,31.13.245.12
696,Max,Tredget,mtredgetjb@goo.ne.jp,Female,85.52.51.0
697,Osbert,Capstack,ocapstackjc@pinterest.com,Genderqueer,49.29.108.7
698,Roze,Hawke,rhawkejd@berkeley.edu,Female,23.243.51.79
699,Diandra,Audritt,daudrittje@dedecms.com,Female,74.180.74.23
700,Davidson,Dragon,ddragonjf@stanford.edu,Male,222.61.94.219
701,Morrie,Prinn,mprinnjg@cbslocal.com,Male,243.198.200.58
702,Isac,Bennie,ibenniejh@pinterest.com,Male,82.153.172.214
703,Carmen,Tarburn,ctarburnji@nhs.uk,Female,94.12.242.87
704,Nikolos,Ilyin,nilyinjj@japanpost.jp,Male,184.97.53.213
705,Alexa,Bricklebank,abricklebankjk@oracle.com,Female,22.164.38.41
706,Lannie,Wilmore,lwilmorejl@ft.com,Polygender,16.8.222.250
707,Aili,Addison,aaddisonjm@redcross.org,Female,26.232.148.162
708,Skyler,Springthorp,sspringthorpjn@purevolume.com,Male,91.3.196.0
709,Lucille,Thunnerclef,lthunnerclefjo@constantcontact.com,Female,159.216.202.72
710,Corbet,Exall,cexalljp@youtu.be,Male,209.227.90.61
711,Chrisse,Scammonden,cscammondenjq@sfgate.com,Male,118.32.72.183
712,Porty,Gillibrand,pgillibrandjr@moonfruit.com,Genderfluid,171.138.170.60
713,Hobey,Bordiss,hbordissjs@squarespace.com,Male,63.49.217.212
714,Lauritz,Scadding,lscaddingjt@cbslocal.com,Male,4.139.149.94
715,Nelson,Amaya,namayaju@chicagotribune.com,Male,59.230.255.15
716,Becka,Joicey,bjoiceyjv@springer.com,Female,157.225.215.48
717,Row,Slatten,rslattenjw@icq.com,Female,123.112.208.108
718,Ario,Dibley,adibleyjx@shop-pro.jp,Bigender,162.245.169.107
719,Myca,Eldrett,meldrettjy@xinhuanet.com,Male,80.4.200.238
720,Colly,Le Marquis,clemarquisjz@ox.ac.uk,Female,232.18.63.174
721,Christel,Cheyne,ccheynek0@dell.com,Female,211.50.73.187
722,Willyt,Bispo,wbispok1@auda.org.au,Female,157.38.42.100
723,Aleksandr,Bummfrey,abummfreyk2@github.com,Male,233.63.161.24
724,Homerus,Arnfield,harnfieldk3@cafepress.com,Male,185.92.237.220
725,Jennette,Macklin,jmacklink4@nsw.gov.au,Female,43.116.54.79
726,Barnard,Mebes,bmebesk5@bandcamp.com,Male,216.109.145.186
727,Heath,Quadri,hquadrik6@amazon.co.jp,Female,170.4.75.185
728,Kennedy,McKeon,kmckeonk7@about.me,Male,222.102.169.5
729,Antonius,Milthorpe,amilthorpek8@icq.com,Male,99.213.240.61
730,Putnam,Messier,pmessierk9@exblog.jp,Male,194.145.139.89
731,Tillie,Trattles,ttrattleska@pcworld.com,Female,3.54.154.12
732,Eudora,Sexon,esexonkb@delicious.com,Female,85.37.191.153
733,Darlleen,Hardisty,dhardistykc@businesswire.com,Female,128.55.72.39
734,Ferrell,Eminson,feminsonkd@army.mil,Male,17.227.198.130
735,Kippy,Treslove,ktresloveke@cnn.com,Genderfluid,147.59.160.24
736,Afton,Hanhart,ahanhartkf@omniture.com,Female,226.172.216.219
737,Anastasie,McDermott-Row,amcdermottrowkg@unicef.org,Female,109.22.94.138
738,Blanche,Titta,btittakh@vinaora.com,Female,66.174.117.214
739,Manya,Martusewicz,mmartusewiczki@nationalgeographic.com,Female,93.210.233.230
740,Marti,Cockley,mcockleykj@ustream.tv,Female,61.137.149.170
741,Valli,Helleker,vhellekerkk@pagesperso-orange.fr,Female,163.172.213.112
742,Alvis,Tarquinio,atarquiniokl@sogou.com,Male,188.229.17.47
743,Robina,Larne,rlarnekm@rediff.com,Female,205.224.224.223
744,Leontine,Eyree,leyreekn@cnn.com,Female,66.122.35.54
745,Laurence,Levins,llevinsko@businessinsider.com,Male,235.208.21.150
746,Aharon,Websdale,awebsdalekp@is.gd,Male,180.92.57.30
747,Adolph,Goatcher,agoatcherkq@instagram.com,Male,165.30.12.58
748,Nilson,Blowes,nbloweskr@hhs.gov,Male,123.121.208.21
749,Eli,Cowdery,ecowderyks@ed.gov,Male,54.31.0.25
750,Riley,Beall,rbeallkt@newsvine.com,Male,180.251.75.254
751,Tim,Cutts,tcuttsku@cmu.edu,Female,82.222.161.110
752,Owen,Counsell,ocounsellkv@ebay.co.uk,Male,243.205.132.6
753,Sabra,Smiths,ssmithskw@twitter.com,Female,44.75.215.17
754,Yolane,Airton,yairtonkx@nhs.uk,Female,159.186.215.14
755,Wendy,LeEstut,wleestutky@boston.com,Polygender,25.58.19.102
756,Kaylil,Coxhead,kcoxheadkz@fda.gov,Female,23.175.44.65
757,Gallagher,Michele,gmichelel0@goodreads.com,Male,70.251.190.26
758,Robb,Attryde,rattrydel1@admin.ch,Male,235.24.29.179
759,Jorgan,Girtin,jgirtinl2@cisco.com,Male,190.60.195.166
760,Federica,Jeaffreson,fjeaffresonl3@baidu.com,Female,51.221.178.18
761,Collette,Ettery,cetteryl4@myspace.com,Female,160.211.12.154
762,Ellie,Liddington,eliddingtonl5@redcross.org,Female,14.203.133.57
763,Theo,Cutforth,tcutforthl6@vinaora.com,Bigender,99.14.207.59
764,Belia,Speeks,bspeeksl7@jimdo.com,Bigender,85.56.208.155
765,Darrick,Liddall,dliddalll8@t-online.de,Male,199.60.209.155
766,Kayne,Flux,kfluxl9@princeton.edu,Male,203.146.121.232
767,Danella,Ferney,dferneyla@virginia.edu,Non-binary,212.46.219.67
768,Caspar,Brouwer,cbrouwerlb@dailymail.co.uk,Male,13.110.28.191
769,Aurelia,Wooffitt,awooffittlc@cloudflare.com,Female,151.11.183.223
770,Richmond,Arkwright,rarkwrightld@google.cn,Male,221.152.80.165
771,Florette,Guillon,fguillonle@cornell.edu,Female,13.248.239.151
772,Gardie,Bisley,gbisleylf@uol.com.br,Male,43.180.42.38
773,Jerry,Gutcher,jgutcherlg@weibo.com,Male,100.9.191.52
774,Lancelot,Iacovelli,liacovellilh@edublogs.org,Polygender,117.29.14.243
775,Ferdie,Kellet,fkelletli@redcross.org,Male,51.63.134.94
776,Raymund,Maude,rmaudelj@ezinearticles.com,Male,42.242.134.225
777,Nicolas,Millea,nmillealk@soundcloud.com,Male,212.234.78.41
778,Charissa,Pendrick,cpendrickll@wufoo.com,Female,34.169.254.206
779,Marlane,Temprell,mtemprelllm@feedburner.com,Female,16.113.8.74
780,Ingamar,D'Abbot-Doyle,idabbotdoyleln@tinypic.com,Male,112.138.245.183
781,Feliza,Chattoe,fchattoelo@etsy.com,Female,171.107.186.8
782,Dud,Skinn,dskinnlp@youtu.be,Genderfluid,32.239.153.212
783,Florenza,Clousley,fclousleylq@cbslocal.com,Female,233.250.5.170
784,Blake,Brugsma,bbrugsmalr@sitemeter.com,Female,242.192.0.45
785,Fancie,Barnard,fbarnardls@hhs.gov,Female,227.47.241.180
786,Delmar,Lambden,dlambdenlt@themeforest.net,Male,103.180.76.87
787,Chrissie,Frears,cfrearslu@soup.io,Male,197.73.126.231
788,Odey,McOmish,omcomishlv@upenn.edu,Male,168.20.235.150
789,Emery,Kirsche,ekirschelw@canalblog.com,Male,68.93.215.12
790,Luther,Bricknell,lbricknelllx@twitpic.com,Male,57.204.146.228
791,Tamarah,Zannetti,tzannettily@latimes.com,Female,180.188.128.60
792,Dav,Guthrie,dguthrielz@cafepress.com,Male,212.196.202.131
793,Abe,Kees,akeesm0@cloudflare.com,Male,6.120.103.134
794,Barn,Brettelle,bbrettellem1@chron.com,Male,240.115.209.0
795,Eadmund,Cruikshanks,ecruikshanksm2@independent.co.uk,Male,35.192.89.171
796,Edna,Greaser,egreaserm3@pinterest.com,Female,252.196.249.161
797,Moina,Cotterill,mcotterillm4@ask.com,Female,156.9.176.60
798,Rudyard,Kave,rkavem5@ezinearticles.com,Male,22.32.35.204
799,Joshuah,Borham,jborhamm6@weather.com,Male,244.184.89.0
800,Genevieve,Keilloh,gkeillohm7@theglobeandmail.com,Female,244.105.152.231
801,Tynan,Gaspard,tgaspardm8@nationalgeographic.com,Male,18.49.172.152
802,Rosalyn,Kent,rkentm9@yale.edu,Female,6.207.169.36
803,Torr,Yanson,tyansonma@bloomberg.com,Male,70.86.204.12
804,Ring,Attenbrow,rattenbrowmb@oakley.com,Male,246.44.246.39
805,Serene,Keyhoe,skeyhoemc@cornell.edu,Female,221.127.28.208
806,Crosby,Bentje,cbentjemd@surveymonkey.com,Male,157.57.201.43
807,Garnette,Bodd,gboddme@blogspot.com,Female,205.130.109.67
808,Tracy,Chaikovski,tchaikovskimf@unblog.fr,Male,147.88.100.228
809,Cristobal,MacAfee,cmacafeemg@lycos.com,Male,30.38.84.6
810,Alysia,Cleworth,acleworthmh@meetup.com,Agender,114.247.54.34
811,Bella,Dalinder,bdalindermi@csmonitor.com,Female,98.196.13.161
812,Stevana,Blackall,sblackallmj@hugedomains.com,Female,74.5.83.88
813,Hamlen,McDougall,hmcdougallmk@blogs.com,Male,33.31.84.91
814,Thorvald,Boddam,tboddamml@multiply.com,Male,126.134.241.147
815,Link,Noke,lnokemm@networkadvertising.org,Male,121.176.181.210
816,Almire,Kirtlan,akirtlanmn@goo.ne.jp,Female,244.68.35.244
817,Helen,O'Nolan,honolanmo@sourceforge.net,Female,107.16.122.198
818,Arda,Mollnar,amollnarmp@shareasale.com,Female,6.194.94.237
819,Mychal,Grassi,mgrassimq@ifeng.com,Male,160.146.129.200
820,Ebonee,Govini,egovinimr@networksolutions.com,Female,241.49.63.175
821,Phillip,Noice,pnoicems@nymag.com,Agender,46.150.203.229
822,Ianthe,Pankethman,ipankethmanmt@mit.edu,Agender,105.194.39.249
823,Bron,Castagnier,bcastagniermu@patch.com,Male,252.223.180.72
824,Addia,Oliver-Paull,aoliverpaullmv@pagesperso-orange.fr,Female,20.246.60.245
825,Netti,Belderfield,nbelderfieldmw@mozilla.com,Female,199.32.36.170
826,Joseito,Cayford,jcayfordmx@yandex.ru,Male,37.207.217.234
827,Kessia,Liell,kliellmy@shareasale.com,Female,185.65.11.130
828,Rycca,Martinelli,rmartinellimz@bbb.org,Female,249.153.219.36
829,Armando,Jouhning,ajouhningn0@sohu.com,Male,157.59.142.20
830,Joshuah,Valasek,jvalasekn1@alexa.com,Male,178.163.111.228
831,Dreddy,Cohan,dcohann2@technorati.com,Agender,243.76.29.201
832,Ichabod,Lavin,ilavinn3@fda.gov,Male,94.70.104.132
833,Bertina,Grimbleby,bgrimblebyn4@google.pl,Female,159.74.39.24
834,Desiree,Sinnie,dsinnien5@google.ru,Female,167.70.135.49
835,Kendell,Grassick,kgrassickn6@dailymotion.com,Male,121.249.77.16
836,Vail,Coulbeck,vcoulbeckn7@ed.gov,Male,248.188.230.185
837,Karlotta,Neasham,kneashamn8@un.org,Female,41.83.169.173
838,Johnna,Mattioli,jmattiolin9@weather.com,Polygender,211.125.247.127
839,Carmencita,Anstie,canstiena@whitehouse.gov,Female,239.158.155.90
840,Kingsley,Hillitt,khillittnb@jiathis.com,Non-binary,131.180.28.88
841,Shanie,Hanmore,shanmorenc@icq.com,Female,75.195.226.94
842,Cece,Houlworth,choulworthnd@tripod.com,Male,201.130.134.149
843,Vanya,Calf,vcalfne@google.cn,Female,229.90.181.206
844,Alberto,Skyram,askyramnf@dagondesign.com,Male,52.229.231.74
845,Egon,Shivell,eshivellng@webnode.com,Male,222.93.60.173
846,Carolynn,Bamfield,cbamfieldnh@europa.eu,Non-binary,141.219.26.119
847,Sylas,Danton,sdantonni@printfriendly.com,Male,127.85.15.214
848,Greg,Batters,gbattersnj@prnewswire.com,Male,195.142.188.186
849,Herman,McPhelimy,hmcphelimynk@freewebs.com,Male,228.233.195.253
850,Stoddard,Shewan,sshewannl@blogtalkradio.com,Female,41.86.182.233
851,Robinson,Baile,rbailenm@ocn.ne.jp,Male,120.109.233.219
852,Hedi,Duckerin,hduckerinnn@hatena.ne.jp,Female,43.73.236.187
853,Jarrid,Pullar,jpullarno@lycos.com,Male,91.65.137.60
854,Laure,Rixon,lrixonnp@ed.gov,Female,2.249.157.55
855,Antone,Vain,avainnq@google.es,Male,164.136.90.250
856,Collette,Yerrington,cyerringtonnr@cnbc.com,Female,127.98.209.187
857,Noellyn,Colvine,ncolvinens@arstechnica.com,Female,97.39.90.21
858,Abbi,Seide,aseident@eventbrite.com,Female,184.2.136.41
859,Sidney,Louche,slouchenu@adobe.com,Male,110.228.11.235
860,Allys,Laraway,alarawaynv@over-blog.com,Female,50.197.30.106
861,Terrill,Spacie,tspacienw@youku.com,Male,222.118.119.65
862,Whit,Fern,wfernnx@google.co.jp,Male,146.77.80.118
863,Christoph,Habbert,chabbertny@wufoo.com,Male,93.205.138.190
864,Donnie,Imlacke,dimlackenz@answers.com,Male,95.107.83.110
865,Barry,MacIlriach,bmacilriacho0@163.com,Male,108.255.233.95
866,Lissy,Murricanes,lmurricaneso1@jigsy.com,Female,217.11.116.61
867,Kelvin,Beautyman,kbeautymano2@livejournal.com,Male,31.103.190.207
868,Bradford,Davidovic,bdavidovico3@youtube.com,Male,231.122.68.47
869,Isaiah,Athowe,iathoweo4@odnoklassniki.ru,Male,72.100.13.39
870,Ettie,Grinnov,egrinnovo5@sphinn.com,Female,43.232.209.115
871,Domenic,Southeran,dsoutherano6@reverbnation.com,Male,165.162.79.160
872,Sloane,Cridge,scridgeo7@nbcnews.com,Male,252.106.73.200
873,Danica,Stringman,dstringmano8@wired.com,Polygender,167.145.204.92
874,Trude,Ebbetts,tebbettso9@nytimes.com,Female,28.13.230.15
875,Aurore,Reuble,areubleoa@4shared.com,Female,158.61.252.193
876,Galvin,Richardet,grichardetob@kickstarter.com,Male,131.157.42.124
877,Raffaello,Flores,rfloresoc@sciencedaily.com,Male,9.22.52.56
878,Kahaleel,Sewley,ksewleyod@engadget.com,Bigender,126.150.238.168
879,Gretchen,Fitzsimon,gfitzsimonoe@msu.edu,Female,200.217.127.232
880,Maxy,McCulloch,mmccullochof@adobe.com,Female,117.47.66.18
881,Marchelle,Gonet,mgonetog@slate.com,Female,45.4.95.22
882,Daphne,Spellessy,dspellessyoh@wufoo.com,Female,108.236.254.223
883,Lilian,Gorry,lgorryoi@tmall.com,Female,141.128.86.27
884,Patrick,Blaxill,pblaxilloj@shop-pro.jp,Male,8.180.133.135
885,Clerkclaude,Loraine,cloraineok@phpbb.com,Male,77.190.107.155
886,Stanislaus,Devenny,sdevennyol@ebay.com,Male,204.62.13.202
887,Rosina,Prewett,rprewettom@ocn.ne.jp,Female,164.67.131.220
888,Geneva,Norsworthy,gnorsworthyon@wix.com,Female,12.88.206.178
889,Fabien,Milesap,fmilesapoo@home.pl,Male,40.195.134.96
890,Roldan,Dilliway,rdilliwayop@hhs.gov,Male,79.210.105.66
891,Shela,Borkett,sborkettoq@youku.com,Genderqueer,210.14.119.236
892,Mar,Morratt,mmorrattor@edublogs.org,Male,32.225.58.71
893,Alphonse,Tilne,atilneos@sogou.com,Agender,60.238.102.71
894,Rosemonde,Luis,rluisot@bluehost.com,Female,60.13.194.53
895,Jessamyn,Dyson,jdysonou@toplist.cz,Female,244.16.4.111
896,Guillema,Spatoni,gspatoniov@merriam-webster.com,Female,69.93.19.58
897,Vitoria,Benedicto,vbenedictoow@psu.edu,Female,81.196.54.72
898,Norry,Lipmann,nlipmannox@ucla.edu,Female,34.54.195.79
899,Parnell,Siddele,psiddeleoy@mozilla.com,Male,1.2.166.153
900,Yurik,Ropking,yropkingoz@photobucket.com,Male,145.47.216.251
901,Genna,Pickle,gpicklep0@cnbc.com,Non-binary,226.4.232.90
902,Shela,Scambler,sscamblerp1@desdev.cn,Female,38.79.216.144
903,Kipp,Nafzger,knafzgerp2@umn.edu,Male,16.78.72.219
904,Haleigh,Dunnan,hdunnanp3@economist.com,Genderfluid,237.159.85.188
905,Pepi,Dowbiggin,pdowbigginp4@earthlink.net,Genderfluid,147.232.54.109
906,Babs,Sidaway,bsidawayp5@prnewswire.com,Female,191.81.254.157
907,Annabel,Cotelard,acotelardp6@edublogs.org,Female,118.73.35.112
908,Marcelo,Purser,mpurserp7@sciencedaily.com,Male,111.140.71.251
909,Charla,McCully,cmccullyp8@statcounter.com,Female,52.9.104.49
910,Pattie,Shovlar,pshovlarp9@eventbrite.com,Agender,215.12.156.129
911,Nanci,Vann,nvannpa@google.fr,Female,160.5.107.150
912,Carry,Brien,cbrienpb@angelfire.com,Female,68.163.85.235
913,Gwennie,Coushe,gcoushepc@about.com,Female,211.192.230.218
914,Augustine,Burgiss,aburgisspd@t.co,Female,200.2.64.166
915,Lee,Hein,lheinpe@state.gov,Male,117.11.110.246
916,Fin,Shovlar,fshovlarpf@cdc.gov,Genderfluid,8.129.168.225
917,Samara,Springthorp,sspringthorppg@dot.gov,Female,118.121.65.205
918,Patsy,Engall,pengallph@privacy.gov.au,Male,242.34.0.246
919,Lauren,Barthelmes,lbarthelmespi@china.com.cn,Male,197.99.169.9
920,Ernestus,Souness,esounesspj@harvard.edu,Male,55.118.10.203
921,Federica,Venditti,fvendittipk@paypal.com,Female,80.191.134.219
922,Wade,Netherwood,wnetherwoodpl@dagondesign.com,Male,139.248.13.71
923,Shelagh,Dockrell,sdockrellpm@tuttocitta.it,Female,61.150.21.166
924,Stanislas,Physick,sphysickpn@acquirethisname.com,Genderqueer,252.55.251.96
925,Leon,Maiden,lmaidenpo@constantcontact.com,Male,205.22.242.17
926,Silva,Caird,scairdpp@ycombinator.com,Female,5.250.250.244
927,Viviana,Twigge,vtwiggepq@shutterfly.com,Female,58.197.36.75
928,Briny,Cluderay,bcluderaypr@hud.gov,Female,140.246.170.229
929,Marcia,Zanicchelli,mzanicchellips@squidoo.com,Female,112.21.114.124
930,Matthieu,Rickets,mricketspt@ameblo.jp,Male,100.188.44.89
931,Brady,Writtle,bwrittlepu@tinyurl.com,Male,194.158.120.160
932,Ninetta,Bagot,nbagotpv@utexas.edu,Female,144.3.209.78
933,Valentijn,Coytes,vcoytespw@upenn.edu,Male,216.34.180.197
934,Horten,Seamans,hseamanspx@plala.or.jp,Male,98.190.190.183
935,Marsh,Surcomb,msurcombpy@japanpost.jp,Male,93.230.251.183
936,Bradford,McCrillis,bmccrillispz@parallels.com,Genderfluid,2.114.192.85
937,Trish,Conquer,tconquerq0@umich.edu,Female,116.81.154.213
938,Aland,Ladbury,aladburyq1@prweb.com,Male,126.173.193.94
939,Regen,de Courcy,rdecourcyq2@scribd.com,Male,11.226.142.129
940,Caprice,Yandell,cyandellq3@imageshack.us,Female,171.147.163.215
941,Kienan,Becerra,kbecerraq4@pcworld.com,Male,178.120.179.21
942,Byram,Goulborne,bgoulborneq5@yale.edu,Male,20.2.136.35
943,Merle,O'Luby,molubyq6@harvard.edu,Male,1.13.101.120
944,Dru,Gounet,dgounetq7@ox.ac.uk,Male,114.33.32.72
945,Faber,Brisbane,fbrisbaneq8@admin.ch,Male,153.173.162.126
946,Ave,Kestle,akestleq9@joomla.org,Male,243.6.140.169
947,Licha,Blaxley,lblaxleyqa@posterous.com,Female,29.196.133.89
948,Arnoldo,Catherick,acatherickqb@flavors.me,Male,168.86.133.89
949,Barn,Kobelt,bkobeltqc@biblegateway.com,Male,43.231.62.241
950,Christen,Derks,cderksqd@intel.com,Female,218.194.23.123
951,Lula,Soot,lsootqe@last.fm,Female,240.186.27.93
952,Reiko,Hallihan,rhallihanqf@google.it,Female,37.201.184.186
953,Sal,Dungay,sdungayqg@eepurl.com,Female,114.128.110.46
954,Benedict,Skentelbury,bskentelburyqh@ifeng.com,Male,26.127.185.237
955,Kynthia,Chessor,kchessorqi@odnoklassniki.ru,Female,252.90.6.240
956,Ivette,Roney,ironeyqj@trellian.com,Female,196.192.135.10
957,Larisa,Bridgman,lbridgmanqk@accuweather.com,Female,238.192.148.127
958,Jeanelle,Rudwell,jrudwellql@tiny.cc,Female,77.101.91.248
959,Mufinella,Volonte,mvolonteqm@imgur.com,Female,252.4.65.216
960,Ephrem,Fawlkes,efawlkesqn@flavors.me,Male,91.135.109.105
961,Ines,Crippes,icrippesqo@storify.com,Female,251.243.50.83
962,Beatriz,Tincombe,btincombeqp@wordpress.com,Female,116.117.10.52
963,Sharity,Dobie,sdobieqq@zdnet.com,Female,169.121.70.200
964,Liana,Tempest,ltempestqr@archive.org,Genderqueer,111.52.26.19
965,Consalve,Faherty,cfahertyqs@trellian.com,Male,176.90.214.45
966,Garwood,Merrilees,gmerrileesqt@omniture.com,Male,79.126.220.222
967,Lucho,Kingswell,lkingswellqu@mapy.cz,Male,203.5.84.246
968,Hermie,Noice,hnoiceqv@exblog.jp,Male,114.164.237.160
969,Cassey,Thormann,cthormannqw@newyorker.com,Female,32.169.251.216
970,Binnie,Zum Felde,bzumfeldeqx@wisc.edu,Female,110.55.178.151
971,Pavla,Carslaw,pcarslawqy@amazon.de,Female,209.159.74.42
972,Gearalt,Duffil,gduffilqz@nba.com,Male,236.228.145.213
973,Bertrand,Kildahl,bkildahlr0@state.tx.us,Male,243.170.172.174
974,Jens,Sabin,jsabinr1@marketwatch.com,Male,21.18.59.141
975,Tonnie,Wolland,twollandr2@hatena.ne.jp,Male,201.18.82.87
976,Kliment,Hurton,khurtonr3@nymag.com,Male,218.243.27.195
977,Halsey,Bauckham,hbauckhamr4@51.la,Male,232.231.127.167
978,Orv,Le Strange,olestranger5@studiopress.com,Male,55.53.200.132
979,Hardy,Pavinese,hpavineser6@sakura.ne.jp,Male,75.17.93.9
980,Lovell,Stove,lstover7@statcounter.com,Male,38.207.87.0
981,Kendrick,Berzen,kberzenr8@usa.gov,Male,251.138.44.101
982,Orbadiah,Morch,omorchr9@illinois.edu,Male,45.59.199.36
983,Ebenezer,Collinson,ecollinsonra@nih.gov,Male,113.90.120.227
984,Erskine,Bastian,ebastianrb@vimeo.com,Male,201.160.98.175
985,Mill,Bellringer,mbellringerrc@google.cn,Male,56.72.79.243
986,Cristobal,Spare,csparerd@surveymonkey.com,Polygender,250.38.240.61
987,La verne,Lodwick,llodwickre@dagondesign.com,Genderqueer,134.134.59.67
988,Arther,Cristofaro,acristofarorf@craigslist.org,Male,25.184.28.83
989,Lockwood,Hutchcraft,lhutchcraftrg@microsoft.com,Male,156.211.93.243
990,Dieter,Mattson,dmattsonrh@bloglovin.com,Male,88.11.130.113
991,Joycelin,Prigg,jpriggri@vinaora.com,Female,251.65.40.251
992,Milo,Berfoot,mberfootrj@china.com.cn,Male,184.166.158.60
993,Renaldo,Windham,rwindhamrk@pbs.org,Male,210.97.103.128
994,Muffin,Binding,mbindingrl@macromedia.com,Male,238.243.189.163
995,Wilfrid,Scamerdine,wscamerdinerm@cyberchimps.com,Male,243.184.240.79
996,Chickie,Dinis,cdinisrn@hexun.com,Female,120.172.125.17
997,Felipe,Kuhnhardt,fkuhnhardtro@goodreads.com,Male,219.121.199.58
998,Winn,Deshon,wdeshonrp@nsw.gov.au,Male,84.208.122.115
999,Harriott,Trow,htrowrq@cargocollective.com,Female,27.6.44.139
1000,Gerick,Dennistoun,gdennistounrr@a8.net,Male,139.31.180.5
